{"schemaVersion":"1.0","appDefinitionTemplate":{"id":"/providers/Microsoft.PowerApps/apps/","type":"Microsoft.PowerApps/apps","tags":{"primaryDeviceWidth":"640","primaryDeviceHeight":"640","supportsPortrait":"true","supportsLandscape":"true","primaryFormFactor":"Tablet","publisherVersion":"3.23072.22","minimumRequiredApiVersion":"2.2.0","hasComponent":"true","hasUnlockedComponent":"true","isUnifiedRootApp":"false","sienaVersion":"20230723T130236Z-3.23072.22.0"},"properties":{"appVersion":"2023-07-23T13:02:36Z","lifeCycleId":"Published","createdByClientVersion":{"major":3,"minor":23072,"build":22,"revision":0,"majorRevision":0,"minorRevision":0},"minClientVersion":{"major":3,"minor":23072,"build":22,"revision":0,"majorRevision":0,"minorRevision":0},"backgroundColor":"rgba(153, 207, 236, 1)","backgroundImageUri":"/7948982351827335216/N72ec2430-5732-4ff7-ba7b-7939a717c8a1-logoSmallFile","displayName":"SVG MergeModul","description":"V2.1.0","commitMessage":"","appUris":{"documentUri":{"value":"/7948982351827335216/N030e402e-7ab0-4651-841e-4f779991b8a1-document.msapp"},"imageUris":[],"additionalUris":[]},"createdTime":"0001-01-01T00:00:00Z","lastModifiedTime":"0001-01-01T00:00:00Z","sharedGroupsCount":0,"sharedUsersCount":0,"connectionReferences":{"c46a931d-db08-469d-865e-3b0c4fda6778":{"id":"4ba5dae9-90d9-4451-84a6-6e1bc7f5c744","displayName":"Logic flows","iconUri":"https://connectoricons-prod.azureedge.net/releases/v1.0.1645/1.0.1645.3345/logicflows/icon.png","dataSources":["SVGToJPGConverter"],"dependencies":["4fcdc55f-6160-4646-856b-257fe57a1a7d"],"dependents":[],"parameterHints":{"workflowName":{"value":"7f22b0fe-72ae-421c-93df-1816759ad8b8"},"workflowEntityId":{"value":"71ac4682-c621-ee11-9cbc-0022489fd455"},"4fcdc55f-6160-4646-856b-257fe57a1a7d":{"value":"shared_onedriveforbusiness"}},"parameterHintsV2":{"workflowName":{"value":"7f22b0fe-72ae-421c-93df-1816759ad8b8"},"workflowEntityId":{"value":"71ac4682-c621-ee11-9cbc-0022489fd455"},"shared_onedriveforbusiness":{"value":"4fcdc55f-6160-4646-856b-257fe57a1a7d"}},"isOnPremiseConnection":false,"bypassConsent":false,"dataSets":{},"apiTier":"Standard","isCustomApiConnection":false,"actions":["Run"],"nestedActions":[{"id":"/providers/Microsoft.PowerApps/apis/shared_onedriveforbusiness/apiOperations/ConvertFile","apiName":"OneDrive for Business","actionName":"ConvertFile","referencedResources":[]},{"id":"/providers/Microsoft.PowerApps/apis/shared_onedriveforbusiness/apiOperations/CreateFile","apiName":"OneDrive for Business","actionName":"CreateFile","referencedResources":[]}]},"4fcdc55f-6160-4646-856b-257fe57a1a7d":{"id":"c3892c9b-392f-4c04-9384-173a133b6829","displayName":"OneDrive for Business","iconUri":"https://connectoricons-prod.azureedge.net/u/shgogna/globalperconnector-train1/1.0.1639.3312/onedriveforbusiness/icon.png","dataSources":[],"dependencies":[],"dependents":["c46a931d-db08-469d-865e-3b0c4fda6778"],"parameterHints":{},"parameterHintsV2":{},"isOnPremiseConnection":false,"bypassConsent":false,"dataSets":{},"apiTier":"Standard","isCustomApiConnection":false}},"databaseReferences":{},"almMode":"Solution","performanceOptimizationEnabled":true,"canConsumeAppPass":true,"enableModernRuntimeMode":false,"executionRestrictions":{"isTeamsOnly":false,"dataLossPreventionEvaluationResult":{"status":"Compliant","lastEvaluationDate":"2023-07-23T13:03:03.6255524Z","violations":[],"violationsByPolicy":[],"violationErrorMessage":"The app uses the following connectors: shared_logicflows, shared_onedriveforbusiness."},"httpActionRestriction":{"appUsesSharepointHttpAction":false,"enforcementStrategy":"Legacy","evaluationTime":"2023-07-23T13:03:03.625471Z"}}},"appType":"ClassicCanvasApp","appComponents":[]}}