{"schemaVersion":"1.0","appDefinitionTemplate":{"id":"/providers/Microsoft.PowerApps/apps/","type":"Microsoft.PowerApps/apps","tags":{"primaryDeviceWidth":"1366","primaryDeviceHeight":"768","supportsPortrait":"true","supportsLandscape":"true","primaryFormFactor":"Tablet","publisherVersion":"3.22103.21","minimumRequiredApiVersion":"2.2.0","hasComponent":"true","hasUnlockedComponent":"true","isUnifiedRootApp":"false","sienaVersion":"20221101T112608Z-3.22103.21.0"},"properties":{"appVersion":"2022-11-01T11:26:08Z","lifeCycleId":"Published","createdByClientVersion":{"major":3,"minor":22103,"build":21,"revision":0,"majorRevision":0,"minorRevision":0},"minClientVersion":{"major":3,"minor":22103,"build":21,"revision":0,"majorRevision":0,"minorRevision":0},"backgroundColor":"rgba(153, 207, 236, 1)","backgroundImageUri":"/7948982351827335216/N288b9734-1424-4134-984f-e70e5ef8dbb7-logoSmallFile","displayName":"SVG MergeModul","description":"V1.1.0","commitMessage":"","appUris":{"documentUri":{"value":"/7948982351827335216/Nc7e3754e-ccdf-486d-932f-4cee97038940-document.msapp"},"imageUris":[],"additionalUris":[]},"createdTime":"0001-01-01T00:00:00Z","lastModifiedTime":"0001-01-01T00:00:00Z","sharedGroupsCount":0,"sharedUsersCount":0,"icons":{"smallIconUri":"/7948982351827335216/Nbe8cddfd-107b-4a68-8867-9ac579f61011-small.png","mediumIconUri":"/7948982351827335216/N047f5fe8-222c-484c-a8ca-52bd14f25279-medium.png","largeIconUri":"/7948982351827335216/N89a0d364-f50b-429b-9017-4190ec4bc427-large.png","wideIconUri":"/7948982351827335216/Nc7c5a690-7463-4b6e-936f-b286ae711942-wide.png"},"connectionReferences":{},"databaseReferences":{},"almMode":"Environment","performanceOptimizationEnabled":true,"canConsumeAppPass":true,"enableModernRuntimeMode":false,"executionRestrictions":{"isTeamsOnly":false,"dataLossPreventionEvaluationResult":{"status":"Compliant","lastEvaluationDate":"2022-09-20T09:28:07.5002487Z","violations":[],"violationsByPolicy":[],"violationErrorMessage":"The app uses the following connectors: ."}}},"appType":"ClassicCanvasApp","appComponents":[]}}