{"name":"ef2171b4-3846-76dd-30ad-7351caf46292","id":"/providers/Microsoft.Flow/flows/ef2171b4-3846-76dd-30ad-7351caf46292","type":"Microsoft.Flow/flows","properties":{"apiId":"/providers/Microsoft.PowerApps/apis/shared_logicflows","displayName":"SVG To JPG Converter","definition":{"metadata":{"workflowEntityId":"71ac4682-c621-ee11-9cbc-0022489fd455","processAdvisorMetadata":null,"flowChargedByPaygo":null,"flowclientsuspensionreason":"None","flowclientsuspensiontime":null,"flowclientsuspensionreasondetails":null,"creator":{"id":"d1309490-1c10-46eb-bc3a-f31bae445c0c","type":"User","tenantId":"6c00c214-9e4e-4163-a34c-3456477fe95d"},"provisioningMethod":"FromDefinition","failureAlertSubscription":true,"clientLastModifiedTime":"2023-07-13T22:06:29.5704434Z"},"$schema":"https://schema.management.azure.com/providers/Microsoft.Logic/schemas/2016-06-01/workflowdefinition.json#","contentVersion":"1.0.0.0","parameters":{"$connections":{"defaultValue":{},"type":"Object"},"$authentication":{"defaultValue":{},"type":"SecureObject"}},"triggers":{"manual":{"metadata":{"operationMetadataId":"288438b4-d818-49fc-9bfc-89b848430693"},"type":"Request","kind":"PowerAppV2","inputs":{"schema":{"type":"object","properties":{"text":{"title":"FileContent","type":"string","x-ms-dynamically-added":true,"description":"Please enter your input","x-ms-content-hint":"TEXT"}},"required":["text"]}}}},"actions":{"Convert_file":{"runAfter":{"Create_file":["Succeeded"]},"metadata":{"operationMetadataId":"cc515abf-62b6-47bb-85f9-c6537b62f18d"},"type":"OpenApiConnection","inputs":{"host":{"apiId":"/providers/Microsoft.PowerApps/apis/shared_onedriveforbusiness","connectionName":"shared_onedriveforbusiness","operationId":"ConvertFile"},"parameters":{"id":"@outputs('Create_file')?['body/Id']","type":"JPG"},"authentication":{"value":"@json(decodeBase64(triggerOutputs().headers['X-MS-APIM-Tokens']))['$ConnectionKey']","type":"Raw"}}},"Parse_JSON":{"runAfter":{},"metadata":{"operationMetadataId":"6f45624d-1bcd-40b9-ae3e-04db31d90195"},"type":"ParseJson","inputs":{"content":"@triggerBody()['text']","schema":{"type":"object","properties":{"Name":{"type":"string"},"Value":{"type":"string"}}}}},"Create_file":{"runAfter":{"Parse_JSON":["Succeeded"]},"metadata":{"operationMetadataId":"e4c11d30-7a0c-40f5-9918-d1042ede9390"},"type":"OpenApiConnection","inputs":{"host":{"apiId":"/providers/Microsoft.PowerApps/apis/shared_onedriveforbusiness","connectionName":"shared_onedriveforbusiness","operationId":"CreateFile"},"parameters":{"folderPath":"/Desktop","name":"@body('Parse_JSON')?['Name']","body":"@dataUriToBinary(body('Parse_JSON')?['Value'])"},"authentication":{"value":"@json(decodeBase64(triggerOutputs().headers['X-MS-APIM-Tokens']))['$ConnectionKey']","type":"Raw"}},"runtimeConfiguration":{"contentTransfer":{"transferMode":"Chunked"}}},"Respond_to_a_PowerApp_or_flow":{"runAfter":{"Convert_file":["Succeeded"]},"metadata":{"operationMetadataId":"8a8f6a08-71cc-4201-89af-c9a4e23a0857"},"type":"Response","kind":"PowerApp","inputs":{"statusCode":200,"body":{"convertedjpg":"@{dataUri(outputs('Convert_file')?['body'])}"},"schema":{"type":"object","properties":{"convertedjpg":{"title":"ConvertedJPG","x-ms-dynamically-added":true,"type":"string"}}}}}}},"connectionReferences":{"shared_onedriveforbusiness":{"connectionName":"shared-onedriveforbu-65da7e4f-f237-43e8-be25-af39073a0d6a","source":"Invoker","id":"/providers/Microsoft.PowerApps/apis/shared_onedriveforbusiness","tier":"NotSpecified"}},"flowFailureAlertSubscribed":false,"isManaged":false}}